"","language","correlation"
"1","C",1
"2","CSharp",0.857142857142857
"3","Erlang",0.857142857142857
"4","FSharp",0.928571428571429
"5","Fortran",0.866666666666667
"6","Go",0.928571428571429
"7","JRuby",0.5
"8","Java",0.714285714285714
"9","JavaScript",1
"10","Lisp",1
"11","Lua",1
"12","PHP",0.928571428571429
"13","Perl",0.857142857142857
"14","Python",0.857142857142857
"15","Racket",0.928571428571429
"16","Rust",0.6
"17","TypeScript",1
