"","language","correlation"
"1","C",0.8
"2","CSharp",0.642857142857143
"3","Erlang",0.714285714285714
"4","FSharp",0.428571428571429
"5","Fortran",0.733333333333333
"6","Go",0.785714285714286
"7","JRuby",0.785714285714286
"8","Java",0.619047619047619
"9","JavaScript",0.714285714285714
"10","Lisp",0.6
"11","Lua",0.857142857142857
"12","PHP",0.928571428571429
"13","Perl",0.642857142857143
"14","Python",0.5
"15","Racket",0.785714285714286
"16","Rust",0.6
"17","TypeScript",0.857142857142857
